<?xml version="1.0" encoding="utf-8"?>
<edmx:Edmx Version="1.0" xmlns:edmx="http://schemas.microsoft.com/ado/2007/06/edmx" xmlns:m="http://schemas.microsoft.com/ado/2007/08/dataservices/metadata" xmlns:sap="http://www.sap.com/Protocols/SAPData">
    <edmx:DataServices m:DataServiceVersion="2.0">
        <Schema Namespace="ZEA_SD010_SRV" xml:lang="en" sap:schema-version="1" xmlns="http://schemas.microsoft.com/ado/2008/09/edm">
            <EntityType Name="Subscription" sap:semantics="subscriptions" sap:content-version="1">
                <Key>
                    <PropertyRef Name="ID"/>
                </Key>
                <Property Name="ID" Type="Edm.String" Nullable="false" MaxLength="32" sap:label="Sub. ID" sap:creatable="false" sap:updatable="false" sap:filterable="false"/>
                <Property Name="user" Type="Edm.String" MaxLength="12" m:FC_TargetPath="SyndicationAuthorName" m:FC_KeepInContent="false" sap:label="User Name" sap:creatable="false" sap:filterable="false"/>
                <Property Name="updated" Type="Edm.DateTime" Precision="0" m:FC_TargetPath="SyndicationUpdated" m:FC_KeepInContent="false" sap:label="Time Stamp" sap:creatable="false" sap:filterable="false"/>
                <Property Name="title" Type="Edm.String" MaxLength="255" m:FC_TargetPath="SyndicationTitle" m:FC_KeepInContent="false" sap:label="Title" sap:filterable="false"/>
                <Property Name="deliveryAddress" Type="Edm.String" sap:label="Delivery Address" sap:filterable="false"/>
                <Property Name="persistNotifications" Type="Edm.Boolean" sap:label="Persist Notification" sap:filterable="false"/>
                <Property Name="collection" Type="Edm.String" MaxLength="40" sap:label="Collection" sap:filterable="false"/>
                <Property Name="filter" Type="Edm.String" sap:label="Filter" sap:filterable="false"/>
                <Property Name="select" Type="Edm.String" MaxLength="255" sap:label="Select" sap:filterable="false"/>
                <Property Name="changeType" Type="Edm.String" MaxLength="30" sap:label="Change Type"/>
            </EntityType>
            <EntityType Name="Notification" sap:semantics="notifications" sap:content-version="1">
                <Key>
                    <PropertyRef Name="ID"/>
                </Key>
                <Property Name="ID" Type="Edm.String" Nullable="false" MaxLength="32" sap:label="Notification ID"/>
                <Property Name="collection" Type="Edm.String" MaxLength="40" sap:label="Collection"/>
                <Property Name="title" Type="Edm.String" m:FC_TargetPath="SyndicationTitle" m:FC_KeepInContent="false" sap:label="Notif. Text"/>
                <Property Name="updated" Type="Edm.DateTime" Precision="0" m:FC_TargetPath="SyndicationUpdated" m:FC_KeepInContent="false" sap:label="Time Stamp"/>
                <Property Name="changeType" Type="Edm.String" MaxLength="30" sap:label="Change Type"/>
                <Property Name="entriesOfInterest" Type="Edm.Int32" sap:label="No. of Entries"/>
                <Property Name="recipient" Type="Edm.String" MaxLength="112" sap:label="Recipient" sap:creatable="false" sap:updatable="false"/>
            </EntityType>
            <EntityType Name="SDT010" sap:content-version="1">
                <Key>
                    <PropertyRef Name="SvYear"/>
                    <PropertyRef Name="Werks"/>
                    <PropertyRef Name="Matnr"/>
                </Key>
                <Property Name="SvYear" Type="Edm.String" Nullable="false" MaxLength="4" sap:unicode="false" sap:label="판매실적 년도" sap:creatable="false" sap:updatable="false" sap:sortable="false" sap:filterable="false"/>
                <Property Name="Werks" Type="Edm.String" Nullable="false" MaxLength="5" sap:unicode="false" sap:label="플랜트ID" sap:creatable="false" sap:updatable="false" sap:sortable="false" sap:filterable="false"/>
                <Property Name="Matnr" Type="Edm.String" Nullable="false" MaxLength="40" sap:unicode="false" sap:label="자재코드" sap:creatable="false" sap:updatable="false" sap:sortable="false" sap:filterable="false"/>
                <Property Name="Savqu" Type="Edm.Decimal" Nullable="false" Precision="13" Scale="3" sap:unicode="false" sap:unit="Meins" sap:label="총 판매 수량" sap:creatable="false" sap:updatable="false" sap:sortable="false" sap:filterable="false"/>
                <Property Name="Meins" Type="Edm.String" Nullable="false" MaxLength="3" sap:unicode="false" sap:label="Unit" sap:creatable="false" sap:updatable="false" sap:sortable="false" sap:filterable="false" sap:semantics="unit-of-measure"/>
                <Property Name="Totsal" Type="Edm.Decimal" Nullable="false" Precision="23" Scale="3" sap:unicode="false" sap:unit="Waers" sap:label="총 매출 실적" sap:creatable="false" sap:updatable="false" sap:sortable="false" sap:filterable="false"/>
                <Property Name="Netpr" Type="Edm.Decimal" Nullable="false" Precision="24" Scale="3" sap:unicode="false" sap:unit="Waers" sap:label="판매 단가" sap:creatable="false" sap:updatable="false" sap:sortable="false" sap:filterable="false"/>
                <Property Name="Waers" Type="Edm.String" Nullable="false" MaxLength="5" sap:unicode="false" sap:label="통화코드" sap:creatable="false" sap:updatable="false" sap:sortable="false" sap:filterable="false" sap:semantics="currency-code"/>
                <Property Name="Svqty1" Type="Edm.Decimal" Nullable="false" Precision="13" Scale="3" sap:unicode="false" sap:unit="Meins" sap:label="1월 판매 수량" sap:creatable="false" sap:updatable="false" sap:sortable="false" sap:filterable="false"/>
                <Property Name="Svqty2" Type="Edm.Decimal" Nullable="false" Precision="13" Scale="3" sap:unicode="false" sap:unit="Meins" sap:label="2월 판매 수량" sap:creatable="false" sap:updatable="false" sap:sortable="false" sap:filterable="false"/>
                <Property Name="Svqty3" Type="Edm.Decimal" Nullable="false" Precision="13" Scale="3" sap:unicode="false" sap:unit="Meins" sap:label="3월 판매 수량" sap:creatable="false" sap:updatable="false" sap:sortable="false" sap:filterable="false"/>
                <Property Name="Svqty4" Type="Edm.Decimal" Nullable="false" Precision="13" Scale="3" sap:unicode="false" sap:unit="Meins" sap:label="4월 판매 수량" sap:creatable="false" sap:updatable="false" sap:sortable="false" sap:filterable="false"/>
                <Property Name="Svqty5" Type="Edm.Decimal" Nullable="false" Precision="13" Scale="3" sap:unicode="false" sap:unit="Meins" sap:label="5월 판매 수량" sap:creatable="false" sap:updatable="false" sap:sortable="false" sap:filterable="false"/>
                <Property Name="Svqty6" Type="Edm.Decimal" Nullable="false" Precision="13" Scale="3" sap:unicode="false" sap:unit="Meins" sap:label="6월 판매 수량" sap:creatable="false" sap:updatable="false" sap:sortable="false" sap:filterable="false"/>
                <Property Name="Svqty7" Type="Edm.Decimal" Nullable="false" Precision="13" Scale="3" sap:unicode="false" sap:unit="Meins" sap:label="7월 판매 수량" sap:creatable="false" sap:updatable="false" sap:sortable="false" sap:filterable="false"/>
                <Property Name="Svqty8" Type="Edm.Decimal" Nullable="false" Precision="13" Scale="3" sap:unicode="false" sap:unit="Meins" sap:label="8월 판매 수량" sap:creatable="false" sap:updatable="false" sap:sortable="false" sap:filterable="false"/>
                <Property Name="Svqty9" Type="Edm.Decimal" Nullable="false" Precision="13" Scale="3" sap:unicode="false" sap:unit="Meins" sap:label="9월 판매 수량" sap:creatable="false" sap:updatable="false" sap:sortable="false" sap:filterable="false"/>
                <Property Name="Svqty10" Type="Edm.Decimal" Nullable="false" Precision="13" Scale="3" sap:unicode="false" sap:unit="Meins" sap:label="10월 판매 수량" sap:creatable="false" sap:updatable="false" sap:sortable="false" sap:filterable="false"/>
                <Property Name="Svqty11" Type="Edm.Decimal" Nullable="false" Precision="13" Scale="3" sap:unicode="false" sap:unit="Meins" sap:label="11월 판매 수량" sap:creatable="false" sap:updatable="false" sap:sortable="false" sap:filterable="false"/>
                <Property Name="Svqty12" Type="Edm.Decimal" Nullable="false" Precision="13" Scale="3" sap:unicode="false" sap:unit="Meins" sap:label="12월 판매 수량" sap:creatable="false" sap:updatable="false" sap:sortable="false" sap:filterable="false"/>
            </EntityType>
            <EntityContainer Name="ZEA_SD010_SRV_Entities" m:IsDefaultEntityContainer="true" sap:supported-formats="atom json xlsx">
                <EntitySet Name="SubscriptionCollection" EntityType="ZEA_SD010_SRV.Subscription" sap:content-version="1"/>
                <EntitySet Name="NotificationCollection" EntityType="ZEA_SD010_SRV.Notification" sap:creatable="false" sap:updatable="false" sap:deletable="false" sap:addressable="false" sap:content-version="1"/>
                <EntitySet Name="SDT010Set" EntityType="ZEA_SD010_SRV.SDT010" sap:searchable="true" sap:requires-filter="true" sap:content-version="1"/>
            </EntityContainer>
            <atom:link rel="self" href="http://210.16.199.140:8001/sap/opu/odata/sap/ZEA_SD010_SRV/$metadata" xmlns:atom="http://www.w3.org/2005/Atom"/>
            <atom:link rel="latest-version" href="http://210.16.199.140:8001/sap/opu/odata/sap/ZEA_SD010_SRV/$metadata" xmlns:atom="http://www.w3.org/2005/Atom"/>
        </Schema>
    </edmx:DataServices>
</edmx:Edmx>